,DXY,EURUSD,JPYUSD,EMB,EEM,BRL,TRY,INR,SP500,VIX,GOLD,OIL,FEDFUNDS,US10Y,ECBRATE,CURRENT_ACCOUNT,FOREIGN_TREASURY_HOLDINGS,FEDERAL_DEFICIT,TRADE_BALANCE
2000-01-01,105.12999725341795,,107.1999969482422,,,,,,1394.4599609375,24.950000762939453,,,5.45,6.68,2.0,-370.518,1085.0,,-26006.0
2000-02-01,105.91999816894533,,110.19000244140624,,,,,,1366.4200439453125,23.3700008392334,,,5.73,6.42,2.25,-370.518,1085.0,,-28555.0
2000-03-01,105.44000244140624,,102.95999908447266,,,,,,1498.5799560546875,24.11000061035156,,,5.85,6.03,2.5,-370.518,1085.0,,-29322.0
2000-04-01,110.13999938964844,,108.11000061035156,,,,,,1452.4300537109375,26.200000762939453,,,6.02,6.23,2.75,-379.498,1060.7,,-27433.0
2000-05-01,108.73999786376952,,107.62999725341795,,,,,,1420.5999755859375,23.649999618530273,,,6.27,6.29,2.75,-379.498,1060.7,,-27927.0
2000-06-01,106.83999633789062,,106.01000213623048,,,,,,1454.5999755859375,19.540000915527344,,,6.53,6.03,3.25,-379.498,1060.7,,-29215.0
2000-07-01,109.56999969482422,,109.33000183105467,,,,,,1430.8299560546875,20.739999771118164,,,6.54,6.04,3.25,-416.788,1038.8,,-30022.0
2000-08-01,112.5999984741211,,106.66999816894533,,,,,,1517.6800537109375,16.84000015258789,278.29998779296875,33.099998474121094,6.5,5.73,3.25,-416.788,1038.8,,-28711.0
2000-09-01,113.25,,108.12999725341795,,,,,,1436.510009765625,20.56999969482422,273.6000061035156,30.86000061035156,6.52,5.8,3.5,-416.788,1038.8,236241.0,-32069.0
2000-10-01,116.6500015258789,,108.79000091552734,,,,,,1429.4000244140625,23.6299991607666,273.6000061035156,30.86000061035156,6.51,5.77,3.75,-420.67,1015.2,236241.0,-32120.0
2000-11-01,115.23999786376952,,110.37000274658205,,,,,,1314.949951171875,29.649999618530273,270.1000061035156,33.79999923706055,6.51,5.48,3.75,-420.67,1015.2,236241.0,-31468.0
2000-12-01,109.55999755859376,,114.61000061035156,,,,,,1320.280029296875,26.850000381469727,272.0,26.799999237060547,6.4,5.12,3.75,-420.67,1015.2,236241.0,-32165.0
2001-01-01,110.5199966430664,,116.68000030517578,,,,,,1366.010009765625,22.020000457763672,265.6000061035156,28.700000762939453,5.98,5.19,3.75,-423.661,1012.5,236241.0,-33865.0
2001-02-01,112.01000213623048,,117.38999938964844,,,,,,1239.93994140625,28.350000381469727,266.79998779296875,27.420000076293945,5.49,4.92,3.75,-423.661,1012.5,236241.0,-27939.0
2001-03-01,117.37000274658205,,126.11000061035156,,,,,,1160.3299560546875,28.63999938964844,257.8999938964844,26.399999618530273,5.31,4.93,3.75,-423.661,1012.5,236241.0,-31399.0
2001-04-01,115.8499984741211,,123.37999725341795,,,,,,1249.4599609375,25.479999542236328,257.8999938964844,26.399999618530273,4.8,5.35,3.75,-379.083,983.3,236241.0,-29173.0
2001-05-01,119.06999969482422,,119.2300033569336,,,,,,1255.8199462890625,22.63999938964844,265.29998779296875,28.3700008392334,4.21,5.43,3.5,-379.083,983.3,236241.0,-25732.0
2001-06-01,119.43000030517578,,124.7300033569336,,,,,,1224.3800048828125,19.059999465942383,270.6000061035156,26.25,3.97,5.42,3.5,-379.083,983.3,236241.0,-27769.0
2001-07-01,117.18000030517578,,125.01000213623048,,,,,,1211.22998046875,21.6200008392334,270.6000061035156,26.25,3.77,5.07,3.5,-412.134,992.2,236241.0,-28515.0
2001-08-01,113.41999816894533,,118.75,,,,,,1133.5799560546875,24.920000076293945,274.3999938964844,27.200000762939453,3.65,4.85,3.25,-412.134,992.2,236241.0,-26666.0
2001-09-01,113.4800033569336,,119.47000122070312,,,,,,1040.93994140625,31.93000030517578,292.3999938964844,23.43000030517578,3.07,4.6,2.75,-412.134,992.2,128236.0,-29162.0
2001-10-01,114.86000061035156,,122.4000015258789,,,,,,1059.780029296875,33.560001373291016,279.5,21.18000030517578,2.49,4.3,2.75,-350.783,1040.1,128236.0,-29566.0
2001-11-01,116.12999725341795,,123.4499969482422,,,,,,1139.449951171875,23.84000015258789,273.8999938964844,19.440000534057617,2.09,4.78,2.25,-350.783,1040.1,128236.0,-28952.0
2001-12-01,116.75,,131.6699981689453,,,,,,1148.0799560546875,23.799999237060547,278.70001220703125,19.84000015258789,1.82,5.07,2.25,-350.783,1040.1,128236.0,-26369.0
2002-01-01,120.23999786376952,,134.8699951171875,,,,,,1130.199951171875,21.09000015258789,282.1000061035156,19.479999542236328,1.73,5.07,2.25,-404.443,1057.2,128236.0,-28773.0
2002-02-01,119.16000366210938,,133.4600067138672,,,,,,1106.72998046875,21.59000015258789,296.70001220703125,21.850000381469727,1.74,4.88,2.25,-404.443,1057.2,128236.0,-31560.0
2002-03-01,118.62000274658205,,132.91000366210938,,,,,,1147.3900146484375,17.399999618530273,302.6000061035156,26.229999542236328,1.73,5.42,2.25,-404.443,1057.2,128236.0,-30226.0
2002-04-01,115.19000244140624,,128.52999877929688,,,,,,1076.9200439453125,21.90999984741211,308.8999938964844,27.290000915527344,1.75,5.11,2.25,-456.414,1123.1,128236.0,-33027.0
2002-05-01,111.80999755859376,,124.05999755859376,,,,,,1067.1400146484375,19.979999542236328,326.5,25.350000381469727,1.75,5.08,2.25,-456.414,1123.1,128236.0,-33125.0
2002-06-01,106.11000061035156,,119.5199966430664,,,,,,989.8200073242188,25.399999618530273,313.5,26.86000061035156,1.75,4.86,2.25,-456.414,1123.1,128236.0,-33797.0
2002-07-01,107.41000366210938,,119.77999877929688,,,,,,911.6199951171876,32.029998779296875,303.20001220703125,27.020000457763672,1.73,4.51,2.25,-461.697,1188.6,128236.0,-33054.0
2002-08-01,106.9800033569336,,118.9000015258789,,,,,,916.0700073242188,32.63999938964844,312.3999938964844,28.979999542236328,1.74,4.14,2.25,-461.697,1188.6,128236.0,-35535.0
2002-09-01,106.87000274658205,,121.83000183105467,,,,,,815.280029296875,39.689998626708984,312.3999938964844,28.979999542236328,1.75,3.63,2.25,-461.697,1188.6,-157758.0,-35156.0
2002-10-01,106.63999938964844,,122.4499969482422,,,,,,885.760009765625,31.13999938964844,318.0,27.219999313354492,1.75,3.93,2.25,-499.21,1235.6,-157758.0,-34126.0
2002-11-01,106.41000366210938,,122.5199966430664,,,,,,936.3099975585938,27.5,316.79998779296875,26.88999938964844,1.34,4.22,2.25,-499.21,1235.6,-157758.0,-38522.0
2002-12-01,101.8499984741211,,118.6999969482422,,,,,,879.8200073242188,28.6200008392334,316.79998779296875,26.88999938964844,1.24,3.83,1.75,-499.21,1235.6,-157758.0,-42550.0
2003-01-01,99.91000366210938,,119.91000366210938,,,,,,855.7000122070312,31.170000076293945,368.2999877929687,33.5099983215332,1.24,4.0,1.75,-546.387,1275.2,-157758.0,-40233.0
2003-02-01,99.70999908447266,,118.08999633789062,,,,,,841.1500244140625,29.6299991607666,350.20001220703125,36.599998474121094,1.26,3.71,1.75,-546.387,1275.2,-157758.0,-39068.0
2003-03-01,99.05999755859376,,118.01000213623048,,,,,,848.1799926757812,29.149999618530273,335.8999938964844,31.040000915527344,1.25,3.83,1.5,-546.387,1275.2,-157758.0,-42787.0
2003-04-01,97.19000244140624,,118.81999969482422,,7.555550575256348,,,,916.9199829101562,21.209999084472656,339.1000061035156,25.799999237060547,1.26,3.89,1.5,-526.038,1371.9,-157758.0,-41109.0
2003-05-01,93.2699966430664,,119.3000030517578,,8.24482536315918,,,,963.5900268554688,19.469999313354492,364.5,29.559999465942383,1.26,3.37,1.5,-526.038,1371.9,-157758.0,-40141.0
2003-06-01,94.7300033569336,,119.66999816894533,,8.590896606445312,,,,974.5,19.520000457763672,364.5,29.559999465942383,1.22,3.54,1.0,-526.038,1371.9,-157758.0,-38803.0
2003-07-01,96.88999938964844,,120.55999755859376,,9.078120231628418,,,,990.3099975585938,19.489999771118164,354.0,30.540000915527344,1.01,4.49,1.0,-526.651,1443.3,-157758.0,-40338.0
2003-08-01,98.0999984741211,,116.66999816894533,,9.80322265625,,,,1008.010009765625,18.6299991607666,375.7000122070313,31.56999969482422,1.03,4.45,1.0,-526.651,1443.3,-157758.0,-38833.0
2003-09-01,92.8499984741211,,111.29000091552734,,9.739455223083496,,,,995.969970703125,22.719999313354492,385.3999938964844,29.200000762939453,1.01,3.96,1.0,-526.651,1443.3,-377585.0,-40843.0
2003-10-01,92.7300033569336,,110.0,,10.63365364074707,,,,1050.7099609375,16.100000381469727,384.5,29.11000061035156,1.01,4.33,1.0,-511.463,1523.1,-377585.0,-40370.0
2003-11-01,90.20999908447266,,109.86000061035156,,10.833559036254885,,,,1058.199951171875,16.31999969482422,396.7999877929687,30.40999984741211,1.0,4.34,1.0,-511.463,1523.1,-377585.0,-38857.0
2003-12-01,86.91999816894531,1.259001851081848,107.4000015258789,,11.745668411254885,2.9010000228881836,,45.529998779296875,1111.9200439453125,18.309999465942383,415.7000122070313,32.52000045776367,0.98,4.27,1.0,-511.463,1523.1,-377585.0,-42968.0
2004-01-01,87.19999694824219,1.2452058792114258,105.70999908447266,,12.092833518981934,2.931999921798706,,45.01599884033203,1131.1300048828125,16.6299991607666,402.2000122070313,33.04999923706055,1.0,4.16,1.0,-548.939,1670.0,-377585.0,-43564.0
2004-02-01,87.30999755859375,1.253007173538208,109.0500030517578,,12.571073532104492,2.9049999713897705,,45.19599914550781,1144.93994140625,14.550000190734863,402.2000122070313,33.04999923706055,1.01,3.99,1.0,-548.939,1670.0,-377585.0,-43454.0
2004-03-01,87.61000061035156,1.231299638748169,104.20999908447266,,12.640220642089844,2.8949999809265137,,43.33399963378906,1126.2099609375,16.739999771118164,427.2999877929687,35.7599983215332,1.0,3.86,1.0,-548.939,1670.0,-377585.0,-45699.0
2004-04-01,90.4800033569336,1.198293685913086,110.37000274658205,,11.401403427124023,2.930000066757202,,44.28400039672851,1107.300048828125,17.190000534057617,387.0,37.380001068115234,1.0,4.53,1.0,-624.508,1735.4,-377585.0,-46209.0
2004-05-01,88.94999694824219,1.2198989391326904,109.5199966430664,,11.534649848937988,3.187000036239624,,45.290000915527344,1120.6800537109375,15.5,394.0,39.880001068115234,1.0,4.66,1.0,-624.508,1735.4,-377585.0,-46507.0
2004-06-01,88.80000305175781,1.218397855758667,108.87000274658205,,11.64124584197998,3.0850000381469727,,45.88800048828125,1140.8399658203125,14.34000015258789,392.6000061035156,37.04999923706055,1.03,4.62,1.0,-624.508,1735.4,-377585.0,-53103.0
2004-07-01,89.95999908447266,1.2016053199768066,111.36000061035156,,11.217742919921877,3.0360000133514404,,46.250999450683594,1101.719970703125,15.31999969482422,391.0,43.79999923706055,1.26,4.5,1.0,-649.299,1794.5,-377585.0,-50543.0
2004-08-01,88.94000244140625,1.2178043127059937,109.16999816894533,,11.613877296447754,2.9519999027252197,,46.27399826049805,1104.239990234375,15.289999961853027,391.0,43.79999923706055,1.43,4.13,1.0,-649.299,1794.5,-377585.0,-52526.0
2004-09-01,87.36000061035156,1.2433944940567017,110.08000183105467,,12.424144744873049,2.9519999027252197,,45.80899810791016,1114.5799560546875,13.34000015258789,418.7000122070313,49.63999938964844,1.61,4.14,1.0,-649.299,1794.5,-412727.0,-50583.0
2004-10-01,84.91000366210938,1.283202886581421,105.76000213623048,,12.777786254882812,2.9519999027252197,,45.24399948120117,1130.199951171875,16.270000457763672,428.5,51.7599983215332,1.76,4.05,1.0,-728.322,1849.3,-412727.0,-53931.0
2004-11-01,81.81999969482422,1.3298048973083496,102.9000015258789,,14.049004554748535,2.9519999027252197,,44.43399810791016,1173.8199462890625,13.239999771118164,451.2999877929687,49.130001068115234,1.93,4.36,1.0,-728.322,1849.3,-412727.0,-57823.0
2004-12-01,80.8499984741211,1.3565024137496948,102.51000213623048,,14.538052558898926,2.9519999027252197,,43.30799865722656,1211.9200439453125,13.289999961853027,437.5,43.45000076293945,2.16,4.24,1.0,-728.322,1849.3,-412727.0,-53753.0
2005-01-01,83.5999984741211,1.305193305015564,103.5999984741211,,14.637767791748049,2.9519999027252197,1.3320000171661377,43.65999984741211,1181.27001953125,12.81999969482422,421.7999877929687,48.20000076293945,2.28,4.14,1.0,-688.747,1952.0,-412727.0,-55001.0
2005-02-01,82.51000213623047,1.3217023611068726,104.52999877929688,,16.055030822753906,2.9519999027252197,1.277999997138977,43.560001373291016,1203.5999755859375,12.079999923706056,436.5,51.75,2.5,4.36,1.0,-688.747,1952.0,-412727.0,-56915.0
2005-03-01,84.05999755859375,1.2966973781585691,107.13999938964844,,14.7850341796875,2.9519999027252197,1.3485000133514404,43.61000061035156,1180.5899658203125,14.020000457763672,428.7000122070313,55.400001525878906,2.63,4.5,1.0,-688.747,1952.0,-412727.0,-51963.0
2005-04-01,84.43000030517578,1.292306900024414,104.62000274658205,,14.6005859375,2.9519999027252197,1.381500005722046,43.43199920654297,1156.8499755859375,15.3100004196167,435.0,49.720001220703125,2.79,4.21,1.0,-722.181,1878.0,-412727.0,-56080.0
2005-05-01,87.76000213623047,1.2307995557785034,108.4000015258789,,15.0620756149292,2.9519999027252197,1.3569999933242798,43.619998931884766,1191.5,13.289999961853027,435.0,49.720001220703125,3.0,4.0,1.0,-722.181,1878.0,-412727.0,-54901.0
2005-06-01,89.11000061035156,1.2091021537780762,110.86000061035156,,15.659887313842772,2.9519999027252197,1.3265000581741333,43.459999084472656,1191.3299560546875,12.039999961853027,435.8999938964844,56.5,3.04,3.94,1.0,-722.181,1878.0,-412727.0,-57016.0
2005-07-01,89.3499984741211,1.2124004364013672,112.6999969482422,,16.86281394958496,2.9519999027252197,1.321300029754639,43.36000061035156,1234.1800537109375,11.56999969482422,429.8999938964844,60.56999969482422,3.26,4.28,1.0,-754.677,1930.0,-412727.0,-57188.0
2005-08-01,87.58000183105469,1.234095573425293,110.6500015258789,,17.08590316772461,2.9519999027252197,1.3424999713897705,43.97999954223633,1220.3299560546875,12.600000381469728,433.7999877929687,68.94000244140625,3.5,4.02,1.0,-754.677,1930.0,-412727.0,-57661.0
2005-09-01,89.5199966430664,1.2028049230575562,113.45999908447266,,18.564409255981445,2.9519999027252197,1.343999981880188,43.93000030517578,1228.81005859375,11.920000076293944,469.0,66.23999786376953,3.62,4.34,1.0,-754.677,1930.0,-318346.0,-63737.0
2005-10-01,90.06999969482422,1.1988970041275024,116.44000244140624,,17.387720108032227,2.9519999027252197,1.3459999561309814,45.040000915527344,1207.010009765625,15.31999969482422,465.1000061035156,59.7599983215332,3.78,4.57,1.0,-839.101,2034.0,-318346.0,-66100.0
2005-11-01,91.56999969482422,1.180498123168945,119.72000122070312,,18.39380645751953,2.9519999027252197,1.3550000190734863,45.86000061035156,1249.47998046875,12.0600004196167,494.6000061035156,57.31999969482422,4.0,4.49,1.0,-839.101,2034.0,-318346.0,-62684.0
2005-12-01,91.16999816894533,1.184399127960205,118.11000061035156,,19.30147171020508,2.9519999027252197,1.350000023841858,44.970001220703125,1248.2900390625,12.06999969482422,517.0999755859375,61.040000915527344,4.16,4.39,1.25,-839.101,2034.0,-318346.0,-63372.0
2006-01-01,88.95999908447266,1.2148454189300537,117.30999755859376,,22.28799057006836,2.9519999027252197,1.3229999542236328,43.900001525878906,1280.0799560546875,12.949999809265137,517.0999755859375,61.040000915527344,4.29,4.53,1.25,-801.755,2082.1,-318346.0,-65861.0
2006-02-01,90.11000061035156,1.1930042505264282,115.79000091552734,,21.429906845092773,2.9519999027252197,1.312999963760376,44.25,1280.6600341796875,12.34000015258789,561.5999755859375,61.40999984741211,4.49,4.55,1.25,-801.755,2082.1,-318346.0,-61219.0
2006-03-01,89.7300033569336,1.2115044593811035,117.76000213623048,,21.894332885742188,2.167200088500977,1.33650004863739,44.52799987792969,1294.8699951171875,11.390000343322754,581.7999877929688,66.62999725341797,4.59,4.86,1.5,-801.755,2082.1,-318346.0,-61223.0
2006-04-01,86.11000061035156,1.2624987363815308,113.68000030517578,,23.320785522460938,2.0936999320983887,1.3114999532699585,44.80500030517578,1310.6099853515625,11.59000015258789,651.7999877929688,71.87999725341797,4.79,5.07,1.5,-828.77,1977.8,-318346.0,-61465.0
2006-05-01,84.72000122070312,1.2816076278686523,112.52999877929688,,20.72221565246582,2.297199964523315,1.5631999969482422,46.15999984741211,1270.0899658203125,16.440000534057617,642.5,71.29000091552734,4.94,5.12,1.5,-828.77,1977.8,-318346.0,-63654.0
2006-06-01,85.22000122070312,1.2782983779907229,114.48999786376952,,20.766441345214844,2.1614999771118164,1.5779999494552612,45.80500030517578,1270.199951171875,13.079999923706056,613.5,73.9800033569336,4.99,5.15,1.75,-828.77,1977.8,-318346.0,-62611.0
2006-07-01,85.30000305175781,1.277400255203247,114.51000213623048,,21.25298118591309,2.171999931335449,1.4889999628067017,46.41999816894531,1276.6600341796875,14.949999809265137,634.2000122070312,74.4000015258789,5.24,4.99,1.75,-875.813,2025.3,-318346.0,-65727.0
2006-08-01,85.05000305175781,1.2809016704559326,117.36000061035156,,21.589139938354492,2.134000062942505,1.465000033378601,46.47600173950195,1303.8199462890625,12.3100004196167,625.9000244140625,70.26000213623047,5.25,4.74,2.0,-875.813,2025.3,-318346.0,-67126.0
2006-09-01,85.97000122070312,1.2690999507904053,118.02999877929688,,21.40115547180176,2.162899971008301,1.5075000524520874,45.71500015258789,1335.8499755859375,11.979999542236328,598.5999755859375,62.90999984741211,5.25,4.64,2.0,-875.813,2025.3,-248181.0,-63934.0
2006-10-01,85.31999969482422,1.2766989469528198,116.79000091552734,,22.911645889282227,2.132999897003174,1.4494999647140503,44.834999084472656,1377.93994140625,11.100000381469728,598.5999755859375,62.90999984741211,5.25,4.61,2.25,-770.888,2103.1,-248181.0,-58351.0
2006-11-01,82.91999816894531,1.325100064277649,115.68000030517578,,24.28281593322754,2.1659998893737793,1.446499943733215,44.55099868774414,1400.6300048828125,10.90999984741211,646.9000244140625,63.130001068115234,5.25,4.46,2.25,-770.888,2103.1,-248181.0,-57728.0
2006-12-01,83.72000122070312,1.3198009729385376,119.04000091552734,,25.24925422668457,2.13100004196167,1.410099983215332,44.040000915527344,1418.300048828125,11.5600004196167,635.2000122070312,61.04999923706055,5.24,4.71,2.5,-770.888,2103.1,-248181.0,-60638.0
2007-01-01,84.61000061035156,1.3023037910461426,120.73999786376952,,25.637744903564453,2.120300054550171,1.402999997138977,44.005001068115234,1438.239990234375,10.420000076293944,652.0,58.13999938964844,5.25,4.83,2.5,-805.547,2194.8,-248181.0,-56803.0
2007-02-01,83.56999969482422,1.322891354560852,118.7300033569336,,24.807832717895508,2.115999937057495,1.406999945640564,44.01599884033203,1406.8199462890625,15.420000076293944,669.4000244140625,61.790000915527344,5.26,4.56,2.5,-805.547,2194.8,-248181.0,-57233.0
2007-03-01,82.93000030517578,1.3358982801437378,117.81999969482422,,26.131214141845703,2.055000066757202,1.3846999406814575,43.04499816894531,1420.8599853515625,14.640000343322754,663.0,65.87000274658203,5.26,4.65,2.75,-805.547,2194.8,-248181.0,-60865.0
2007-04-01,81.44999694824219,1.3652063608169556,119.36000061035156,,27.104686737060547,2.027899980545044,1.3619999885559082,40.96900177001953,1482.3699951171875,14.220000267028809,663.0,65.87000274658203,5.25,4.63,2.75,-778.679,2192.0,-248181.0,-59183.0
2007-05-01,82.30000305175781,1.3456052541732788,121.75,,28.47742080688477,1.919100046157837,1.3109999895095823,40.54600143432617,1530.6199951171875,13.050000190734863,661.0,64.01000213623047,5.25,4.9,2.75,-778.679,2192.0,-248181.0,-58350.0
2007-06-01,81.91999816894531,1.3536012172698977,123.16000366210938,,29.5249080657959,1.9276000261306765,1.3011000156402588,40.529998779296875,1503.3499755859375,16.229999542236328,648.0999755859375,70.68000030517578,5.25,5.03,3.0,-778.679,2192.0,-248181.0,-58749.0
2007-07-01,80.7699966430664,1.3672035932540894,118.41999816894533,,29.735759735107425,1.8654999732971191,1.281999945640564,40.39799880981445,1455.27001953125,23.520000457763672,648.0999755859375,70.68000030517578,5.26,4.78,3.0,-708.957,2235.3,-248181.0,-58917.0
2007-08-01,80.79000091552734,1.3642005920410156,115.7699966430664,,30.045299530029297,1.9631999731063845,1.2949999570846558,40.57500076293945,1473.989990234375,23.3799991607666,673.0,74.04000091552734,5.02,4.54,3.0,-708.957,2235.3,-248181.0,-55802.0
2007-09-01,77.72000122070312,1.427001714706421,114.81999969482422,,33.52198791503906,1.8339999914169312,1.2019000053405762,39.57500076293945,1526.75,18.0,742.7999877929688,81.66000366210938,4.94,4.59,3.0,-708.957,2235.3,-160701.0,-56744.0
2007-10-01,76.4800033569336,1.4471989870071411,115.38999938964844,,37.50110626220703,1.736199975013733,1.1655000448226929,39.17399978637695,1549.3800048828125,18.530000686645508,792.0,94.52999877929688,4.76,4.48,3.0,-670.257,2353.2,-160701.0,-56284.0
2007-11-01,76.1500015258789,1.469594120979309,111.76000213623048,,34.632266998291016,1.7759000062942505,1.1727999448776243,39.45500183105469,1481.1400146484375,22.8700008392334,782.2000122070312,88.70999908447266,4.49,3.97,3.0,-670.257,2353.2,-160701.0,-59305.0
2007-12-01,76.69999694824219,1.4601097106933594,111.6500015258789,41.35280990600586,33.7126350402832,1.767300009727478,1.1627999544143677,39.244998931884766,1468.3599853515625,22.5,834.9000244140625,95.9800033569336,4.24,4.04,3.0,-670.257,2353.2,-160701.0,-56848.0
2008-01-01,75.18000030517578,1.4865025281906128,106.2509994506836,41.810890197753906,31.098630905151367,1.752500057220459,1.1686999797821045,39.31399917602539,1378.550048828125,26.200000762939453,922.7000122070312,91.75,3.94,3.67,3.0,-735.552,2506.3,-160701.0,-59578.0
2008-02-01,73.70999908447266,1.519202709197998,103.7699966430664,41.447166442871094,31.718835830688477,1.678500056266785,1.2173000574111938,39.90999984741211,1330.6300048828125,26.540000915527344,972.0999755859376,101.83999633789062,2.98,3.53,3.0,-735.552,2506.3,-160701.0,-62453.0
2008-03-01,71.80000305175781,1.5757957696914673,99.8499984741211,41.50539779663086,30.52842140197754,1.7395000457763672,1.3317999839782717,39.88899993896485,1322.699951171875,25.61000061035156,916.2000122070312,101.58000183105467,2.61,3.45,3.0,-735.552,2506.3,-160701.0,-58626.0
2008-04-01,72.51000213623047,1.5622069835662842,103.94300079345705,41.97237014770508,33.31818771362305,1.6582000255584717,1.2676000595092771,40.38600158691406,1385.5899658203125,20.790000915527344,862.7999877929688,113.45999908447266,2.28,3.77,3.0,-731.276,2587.4,-160701.0,-61951.0
2008-05-01,72.87999725341797,1.555790662765503,105.43000030517578,42.02301025390625,34.3723030090332,1.622499942779541,1.212000012397766,42.084999084472656,1400.3800048828125,17.829999923706055,887.2999877929688,127.3499984741211,1.98,4.06,3.0,-731.276,2587.4,-160701.0,-60720.0
2008-06-01,72.45999908447266,1.57500159740448,106.12000274658205,41.18455123901367,30.83283233642578,1.590999960899353,1.2231999635696411,42.85200119018555,1280.0,23.950000762939453,887.2999877929688,127.3499984741211,2.0,3.99,3.0,-731.276,2587.4,-160701.0,-59235.0
2008-07-01,73.2300033569336,1.5593082904815674,107.80999755859376,41.53890609741211,29.46967506408691,1.5618000030517578,1.151600003242493,42.43399810791016,1267.3800048828125,22.940000534057617,913.9000244140624,124.08000183105467,2.01,3.99,3.25,-719.025,2802.4,-160701.0,-65290.0
2008-08-01,77.37999725341797,1.4695078134536743,108.43000030517578,41.81511306762695,27.608428955078125,1.6306999921798706,1.1900999546051023,43.625,1282.8299560546875,20.649999618530273,829.2999877929688,115.45999908447266,2.0,3.83,3.25,-719.025,2802.4,-160701.0,-60677.0
2008-09-01,79.44999694824219,1.409641981124878,106.06999969482422,38.81928253173828,23.555055618286133,1.9220000505447388,1.2640000581741333,46.60100173950195,1166.3599853515625,39.38999938964844,874.2000122070312,100.63999938964844,1.81,3.85,3.25,-719.025,2802.4,-458553.0,-58706.0
2008-10-01,85.62999725341797,1.2701960802078247,98.44000244140624,31.284292221069336,17.530149459838867,2.0969998836517334,1.523800015449524,49.40299987792969,968.75,59.88999938964844,716.7999877929688,67.80999755859375,0.97,4.01,3.25,-631.079,3077.2,-458553.0,-59078.0
2008-11-01,86.5199966430664,1.2675074338912964,95.33999633789062,34.23069381713867,15.820557594299316,2.256700038909912,1.5506000518798828,49.56800079345703,896.239990234375,55.279998779296875,816.2000122070312,54.43000030517578,0.39,2.93,2.75,-631.079,3077.2,-458553.0,-43255.0
2008-12-01,81.30999755859375,1.3979953527450562,90.6500015258789,40.1219367980957,17.213041305541992,2.3239998817443848,1.4931999444961548,48.064998626708984,903.25,40.0,883.5999755859375,44.599998474121094,0.16,2.25,2.0,-631.079,3077.2,-458553.0,-42034.0
2009-01-01,86.0,1.2850992679595947,89.91999816894531,37.71490859985352,15.833579063415527,2.263000011444092,1.631999969482422,48.733001708984375,825.8800048828125,44.84000015258789,927.2999877929688,41.68000030517578,0.15,2.87,1.0,-403.189,3265.7,-458553.0,-37699.0
2009-02-01,88.01000213623047,1.2678931951522827,97.66999816894533,35.402305603027344,14.840917587280272,2.3261001110076904,1.6864999532699585,50.89300155639648,735.0900268554688,46.349998474121094,927.2999877929688,41.68000030517578,0.22,3.02,1.0,-403.189,3265.7,-458553.0,-27195.0
2009-03-01,85.43000030517578,1.3246963024139404,98.97000122070312,37.195899963378906,17.343534469604492,2.306999921798706,1.6676000356674194,50.78400039672851,797.8699951171875,44.13999938964844,927.2999877929688,41.68000030517578,0.18,2.71,0.5,-403.189,3265.7,-458553.0,-28787.0
2009-04-01,84.61000061035156,1.323521614074707,98.69000244140624,40.06494903564453,20.041887283325195,2.1689000129699707,1.5958000421524048,49.1879997253418,872.8099975585938,36.5,890.7000122070312,51.119998931884766,0.15,3.16,0.25,-354.508,3460.8,-458553.0,-29023.0
2009-05-01,80.43000030517578,1.412090301513672,95.31199645996094,41.21723175048828,23.236560821533203,1.9170000553131104,1.5313999652862549,47.112998962402344,919.1400146484376,28.920000076293945,978.7999877929688,66.30999755859375,0.18,3.47,0.25,-354.508,3460.8,-458553.0,-24648.0
2009-06-01,80.12999725341797,1.4038830995559692,96.33100128173828,41.65690612792969,22.530521392822266,1.9628000259399416,1.5390000343322754,47.80099868774414,919.3200073242188,26.350000381469727,927.0999755859376,69.88999938964844,0.21,3.53,0.25,-354.508,3460.8,-458553.0,-25923.0
2009-07-01,78.3499984741211,1.4260046482086182,94.63999938964844,42.963836669921875,25.21569061279297,1.8633999824523928,1.4696999788284302,47.625999450683594,987.47998046875,25.920000076293945,953.7000122070312,69.44999694824219,0.16,3.52,0.25,-366.635,3570.6,-458553.0,-32056.0
2009-08-01,78.16999816894531,1.434267520904541,92.87000274658205,44.02651596069336,24.88446617126465,1.8739999532699585,1.499500036239624,48.75,1020.6199951171876,26.010000228881836,951.7000122070312,69.95999908447266,0.16,3.4,0.25,-366.635,3570.6,-458553.0,-30357.0
2009-09-01,76.6500015258789,1.465502142906189,89.87000274658203,46.30480194091797,27.42154312133789,1.7720999717712402,1.4831000566482544,47.810001373291016,1057.0799560546875,25.61000061035156,1008.0,70.61000061035156,0.15,3.31,0.25,-366.635,3570.6,-1412688.0,-33901.0
2009-10-01,76.30000305175781,1.4732965230941772,90.31999969482422,46.08669662475586,26.477182388305664,1.7517999410629272,1.4987000226974487,46.917999267578125,1036.18994140625,30.690000534057617,1039.699951171875,77.0,0.12,3.41,0.25,-408.097,3685.1,-1412688.0,-33486.0
2009-11-01,74.87999725341797,1.5038950443267822,86.25,46.454044342041016,28.55617332458496,1.7476999759674072,1.527400016784668,46.45800018310547,1095.6300048828125,24.510000228881836,1039.699951171875,77.0,0.12,3.21,0.25,-408.097,3685.1,-1412688.0,-36878.0
2009-12-01,77.86000061035156,1.4327058792114258,92.91000366210938,46.38547897338867,29.246835708618164,1.743000030517578,1.4982999563217163,46.400001525878906,1115.0999755859375,21.68000030517578,1095.199951171875,79.36000061035156,0.12,3.85,0.25,-408.097,3685.1,-1412688.0,-37770.0
2010-01-01,79.45999908447266,1.387694001197815,90.2300033569336,46.51688003540039,27.2033634185791,1.839400053024292,1.4954999685287476,46.097999572753906,1073.8699951171875,24.6200008392334,1083.0,72.88999938964844,0.11,3.63,0.25,-421.555,3877.9,-1412688.0,-36189.0
2010-02-01,80.36000061035156,1.3637913465499878,88.88999938964844,46.91206741333008,27.686599731445312,1.7489999532699585,1.5489000082015991,46.06800079345703,1104.489990234375,19.5,1118.300048828125,79.66000366210938,0.13,3.61,0.25,-421.555,3877.9,-1412688.0,-40015.0
2010-03-01,81.06999969482422,1.3508037328720093,93.5199966430664,48.13237380981445,29.93223571777344,1.780500054359436,1.5155999660491943,44.79999923706055,1169.4300537109375,17.59000015258789,1113.300048828125,83.76000213623047,0.16,3.84,0.25,-421.555,3877.9,-1412688.0,-38763.0
2010-04-01,81.87000274658203,1.3298048973083496,93.83000183105467,48.38819122314453,29.882482528686523,1.728700041770935,1.4880000352859497,44.25,1186.68994140625,22.049999237060547,1180.0999755859375,86.1500015258789,0.2,3.69,0.25,-444.135,4070.0,-1412688.0,-39865.0
2010-05-01,86.58999633789062,1.2287880182266235,91.19000244140624,47.511619567871094,27.075443267822266,1.8143999576568604,1.5717999935150146,46.358001708984375,1089.4100341796875,32.06999969482422,1212.199951171875,73.97000122070312,0.2,3.31,0.25,-444.135,4070.0,-1412688.0,-40482.0
2010-06-01,86.0199966430664,1.223002314567566,88.43000030517578,48.65413284301758,26.521148681640625,1.7908999919891355,1.5812000036239624,46.400001525878906,1030.7099609375,34.540000915527344,1245.5,75.62999725341797,0.18,2.97,0.25,-444.135,4070.0,-1412688.0,-45705.0
2010-07-01,81.54000091552734,1.3040019273757937,86.44999694824219,50.62395095825195,29.615381240844727,1.7584999799728394,1.5047999620437622,46.36000061035156,1101.5999755859375,23.5,1181.699951171875,78.94999694824219,0.18,2.94,0.25,-472.695,4324.2,-1412688.0,-39896.0
2010-08-01,83.19999694824219,1.266592264175415,84.53199768066406,51.955806732177734,28.656808853149418,1.7549999952316284,1.5232000350952148,46.87300109863281,1049.3299560546875,26.049999237060547,1181.699951171875,78.94999694824219,0.19,2.47,0.25,-472.695,4324.2,-1412688.0,-43962.0
2010-09-01,78.72000122070312,1.36280620098114,83.76599884033203,52.79269790649414,32.02609634399414,1.7035000324249268,1.4505000114440918,44.689998626708984,1141.199951171875,23.700000762939453,1307.800048828125,79.97000122070312,0.19,2.53,0.25,-472.695,4324.2,-1294373.0,-42687.0
2010-10-01,77.2699966430664,1.377808928489685,81.67900085449219,53.82097244262695,32.991817474365234,1.7135000228881836,1.4292999505996704,44.41999816894531,1183.260009765625,21.200000762939453,1357.0999755859375,81.43000030517578,0.19,2.63,0.25,-420.758,4435.6,-1294373.0,-38883.0
2010-11-01,81.19999694824219,1.3103927373886108,84.25399780273438,51.44563293457031,32.03325271606445,1.7170000076293943,1.5026999711990356,45.79999923706055,1180.550048828125,23.540000915527344,1385.0,84.11000061035156,0.19,2.81,0.25,-420.758,4435.6,-1294373.0,-36974.0
2010-12-01,79.02999877929688,1.3301233053207395,81.4800033569336,51.39616775512695,34.07913589477539,1.6619999408721924,1.552299976348877,44.810001373291016,1257.6400146484375,17.75,1421.0999755859375,91.37999725341795,0.18,3.3,0.25,-420.758,4435.6,-1294373.0,-39984.0
2011-01-01,77.73999786376953,1.3572757244110107,82.08899688720703,51.30119705200195,33.04452133178711,1.6342999935150146,1.6100000143051147,45.8380012512207,1286.1199951171875,19.530000686645508,1333.800048828125,92.19000244140624,0.17,3.42,0.25,-476.625,4481.4,-1294373.0,-46290.0
2011-02-01,76.88999938964844,1.373437762260437,81.62200164794922,51.049503326416016,33.03009033203125,1.659999966621399,1.5906000137329102,45.25,1327.219970703125,18.350000381469727,1409.300048828125,96.97000122070312,0.16,3.42,0.25,-476.625,4481.4,-1294373.0,-43148.0
2011-03-01,75.86000061035156,1.4121301174163818,83.1500015258789,51.84333038330078,35.1075439453125,1.628499984741211,1.5511000156402588,44.61000061035156,1325.8299560546875,17.739999771118164,1438.9000244140625,106.72000122070312,0.14,3.47,0.25,-476.625,4481.4,-1294373.0,-42403.0
2011-04-01,72.93000030517578,1.4820963144302368,81.52999877929688,52.72957229614258,36.06691360473633,1.586300015449524,1.5233999490737915,44.29999923706055,1363.6099853515625,14.75,1556.0,113.93000030517578,0.1,3.32,0.5,-477.942,4690.6,-1294373.0,-40925.0
2011-05-01,74.63999938964844,1.432233810424805,80.87999725341797,53.49835205078125,35.00655746459961,1.593000054359436,1.6002999544143677,45.08300018310547,1345.199951171875,15.449999809265137,1556.0,113.93000030517578,0.09,3.05,0.5,-477.942,4690.6,-1294373.0,-45913.0
2011-06-01,74.30000305175781,1.4478904008865356,80.70999908447266,53.82902145385742,34.335716247558594,1.569700002670288,1.620300054550171,44.7599983215332,1320.6400146484375,16.520000457763672,1502.300048828125,95.41999816894533,0.09,3.18,0.5,-477.942,4690.6,-1294373.0,-48083.0
2011-07-01,73.9000015258789,1.4331985712051392,77.7300033569336,54.89554214477539,34.32208251953125,1.562800049781799,1.6725000143051147,44.0099983215332,1292.280029296875,25.25,1628.300048828125,95.6999969482422,0.07,2.82,0.75,-436.398,4912.1,-1294373.0,-44112.0
2011-08-01,74.12999725341797,1.4433138370513916,76.70099639892578,55.19589614868164,31.145601272583008,1.58650004863739,1.7310999631881714,45.939998626708984,1218.8900146484375,31.6200008392334,1828.5,88.80999755859375,0.1,2.23,0.75,-436.398,4912.1,-1294373.0,-43099.0
2011-09-01,78.55000305175781,1.3585848808288574,76.76499938964844,52.54480743408203,25.572181701660156,1.8277000188827517,1.8499000072479248,48.86000061035156,1131.4200439453125,42.959999084472656,1620.4000244140625,79.19999694824219,0.08,1.92,0.75,-436.398,4912.1,-1299599.0,-41587.0
2011-10-01,76.16999816894531,1.4140071868896484,75.73999786376953,55.238426208496094,29.73221206665039,1.6871000528335571,1.7417000532150269,48.62799835205078,1253.300048828125,29.959999084472656,1724.199951171875,93.19000244140624,0.07,2.17,0.75,-450.378,5006.9,-1299599.0,-43596.0
2011-11-01,78.38999938964844,1.3324095010757446,77.95999908447266,54.535884857177734,29.14936637878418,1.8415000438690183,1.850000023841858,51.90299987792969,1246.9599609375,27.799999237060547,1745.5,100.36000061035156,0.08,2.08,0.5,-450.378,5006.9,-1299599.0,-45503.0
2011-12-01,80.16999816894531,1.2956053018569946,77.65899658203125,55.36702728271485,27.641252517700195,1.8652000427246096,1.91540002822876,53.0,1257.5999755859375,23.399999618530273,1565.800048828125,98.83000183105467,0.07,1.89,0.25,-450.378,5006.9,-1299599.0,-47466.0
2012-01-01,79.27999877929688,1.3139568567276,76.36000061035156,56.4391975402832,30.9733829498291,1.7462999820709229,1.7861000299453735,52.49300003051758,1312.4100341796875,19.440000534057617,1565.800048828125,98.83000183105467,0.08,1.83,0.25,-467.257,5145.1,-1299599.0,-48080.0
2012-02-01,78.7300033569336,1.3477997779846191,80.4800033569336,57.608673095703125,32.60628128051758,1.697700023651123,1.750499963760376,49.06800079345703,1365.6800537109375,18.43000030517578,1709.9000244140625,107.06999969482422,0.1,1.98,0.25,-467.257,5145.1,-1299599.0,-40603.0
2012-03-01,78.93000030517578,1.334507703781128,82.86000061035156,57.53256607055664,31.59122657775879,1.8241000175476072,1.780500054359436,50.86800003051758,1408.469970703125,15.5,1669.300048828125,103.0199966430664,0.13,2.23,0.25,-467.257,5145.1,-1299599.0,-47570.0
2012-04-01,78.79000091552734,1.3241524696350098,80.3499984741211,58.56297302246094,31.054290771484375,1.8860000371932983,1.7590999603271484,52.53799819946289,1397.9100341796875,17.149999618530273,1669.300048828125,103.0199966430664,0.14,1.95,0.25,-445.744,5310.9,-1299599.0,-44597.0
2012-05-01,83.04000091552734,1.237470626831055,78.98200225830078,56.94850158691406,27.729671478271484,2.014899969100952,1.8550000190734863,56.22800064086914,1310.3299560546875,24.059999465942383,1562.5999755859375,86.52999877929688,0.16,1.59,0.25,-445.744,5310.9,-1299599.0,-43047.0
2012-06-01,81.6500015258789,1.266496181488037,79.80999755859375,59.2533073425293,28.781492233276367,2.006500005722046,1.807600021362305,55.50299835205078,1362.1600341796875,17.079999923706055,1603.5,84.95999908447266,0.16,1.67,0.25,-445.744,5310.9,-1299599.0,-40811.0
2012-07-01,82.63999938964844,1.2259409427642822,78.10099792480469,61.476436614990234,29.1185245513916,2.040299892425537,1.8007999658584597,55.42300033569336,1379.3199462890625,18.93000030517578,1603.5,84.95999908447266,0.16,1.51,0.0,-397.94,5476.1,-1299599.0,-40305.0
2012-08-01,81.25,1.2510946989059448,78.52999877929688,62.24272918701172,29.237613677978516,2.0455000400543213,1.8265000581741333,55.62799835205078,1406.5799560546875,17.469999313354492,1684.5999755859375,96.47000122070312,0.13,1.57,0.0,-397.94,5476.1,-1299599.0,-42094.0
2012-09-01,79.94000244140625,1.284505009651184,77.96199798583984,63.366695404052734,30.763513565063477,2.022599935531616,1.797950029373169,52.847999572753906,1440.6700439453125,15.729999542236328,1771.0999755859375,92.19000244140624,0.14,1.65,0.0,-397.94,5476.1,-1076573.0,-36806.0
2012-10-01,79.91999816894531,1.2962603569030762,79.68399810791016,63.777320861816406,30.62953758239746,2.0290000438690186,1.79653000831604,53.95800018310547,1412.1600341796875,18.600000381469727,1717.5,86.23999786376953,0.16,1.72,0.0,-385.07,5573.8,-1076573.0,-39498.0
2012-11-01,80.1500015258789,1.2973533868789673,82.1510009765625,64.56200408935547,31.10590934753418,2.095599889755249,1.7850799560546875,54.8380012512207,1416.1800537109375,15.869999885559082,1710.9000244140625,88.91000366210938,0.16,1.62,0.0,-385.07,5573.8,-1076573.0,-43570.0
2012-12-01,79.7699966430664,1.3227688074111938,85.95999908447266,64.60932922363281,33.01140594482422,2.045099973678589,1.7886799573898315,54.75299835205078,1426.18994140625,18.020000457763672,1674.800048828125,91.81999969482422,0.16,1.78,0.0,-385.07,5573.8,-1076573.0,-34743.0
2013-01-01,79.20999908447266,1.3568336963653564,91.02100372314452,63.169864654541016,33.12485122680664,1.9882999658584597,1.7683199644088743,53.303001403808594,1498.1099853515625,14.279999732971191,1660.5999755859375,97.48999786376952,0.14,2.02,0.0,-381.192,5725.0,-1076573.0,-38623.0
2013-02-01,81.9800033569336,1.3150973320007324,92.3030014038086,63.10631561279297,32.368263244628906,1.9744000434875488,1.7959699630737305,53.858001708984375,1514.6800537109375,15.510000228881836,1577.699951171875,92.0500030517578,0.15,1.89,0.0,-381.192,5725.0,-1076573.0,-39383.0
2013-03-01,82.98999786376953,1.2807868719100952,94.27999877929688,62.51824188232422,32.03865432739258,2.0190000534057617,1.8087300062179563,54.27799987792969,1569.18994140625,12.699999809265137,1594.800048828125,97.2300033569336,0.14,1.87,0.0,-381.192,5725.0,-1076573.0,-32867.0
2013-04-01,81.7300033569336,1.3095861673355105,97.86399841308594,64.7545166015625,32.42819595336914,2.00570011138916,1.7936099767684937,54.22800064086914,1597.5699462890625,13.520000457763672,1472.199951171875,93.45999908447266,0.15,1.7,0.0,-376.726,5595.0,-1076573.0,-36687.0
2013-05-01,83.37999725341797,1.3043931722640991,101.0999984741211,61.571868896484375,30.862594604492188,2.1077001094818115,1.8714100122451784,56.37799835205078,1630.739990234375,16.299999237060547,1392.5999755859375,91.97000122070312,0.11,2.16,0.0,-376.726,5595.0,-1076573.0,-40272.0
2013-06-01,83.16999816894531,1.3013039827346802,99.37999725341795,58.82706069946289,28.84004592895508,2.189199924468994,1.9280699491500857,59.5260009765625,1606.280029296875,16.860000610351562,1223.800048828125,96.55999755859376,0.09,2.52,0.0,-376.726,5595.0,-1076573.0,-33019.0
2013-07-01,81.44999694824219,1.3264886140823364,98.01599884033205,58.89194107055664,29.605972290039062,2.279400110244751,1.9224499464035032,60.80799865722656,1685.72998046875,13.449999809265137,1312.4000244140625,105.02999877929688,0.09,2.6,0.0,-352.464,5652.8,-1076573.0,-34949.0
2013-08-01,82.08999633789062,1.3224014043807983,98.1500015258789,57.45184326171875,28.854633331298828,2.38070011138916,2.038300037384033,65.697998046875,1632.969970703125,17.010000228881836,1396.0999755859375,107.6500015258789,0.08,2.78,0.0,-352.464,5652.8,-1076573.0,-35141.0
2013-09-01,80.22000122070312,1.349545955657959,97.8270034790039,59.25178527832031,30.934106826782227,2.2227001190185547,2.0381200313568115,62.90999984741211,1681.550048828125,16.600000381469727,1396.0999755859375,107.6500015258789,0.08,2.64,0.0,-352.464,5652.8,-679775.0,-38259.0
2013-10-01,80.19999694824219,1.3724011182785034,98.50700378417967,60.77647018432617,32.22429656982422,2.1810998916625977,1.9928900003433228,61.31999969482422,1756.5400390625,13.75,1323.5999755859375,96.37999725341795,0.09,2.57,0.0,-294.365,5792.6,-679775.0,-34544.0
2013-11-01,80.68000030517578,1.359397530555725,102.43000030517578,59.55018615722656,32.140804290771484,2.3308000564575195,2.0178000926971436,62.391998291015625,1805.81005859375,13.699999809265137,1250.5999755859375,92.72000122070312,0.08,2.75,0.0,-294.365,5792.6,-679775.0,-32257.0
2013-12-01,80.04000091552734,1.3810056447982788,104.93399810791016,59.50421142578125,31.723392486572266,2.359299898147583,2.1205599308013916,61.779998779296875,1848.3599853515625,13.720000267028809,1250.5999755859375,92.72000122070312,0.09,3.04,0.0,-294.365,5792.6,-679775.0,-31952.0
2014-01-01,81.2699966430664,1.3558770418167114,102.75800323486328,59.46819305419922,29.245616912841797,2.408799886703491,2.2637500762939453,62.310001373291016,1782.5899658203125,18.40999984741211,1240.0999755859375,97.48999786376952,0.07,2.67,0.0,-371.64,5948.3,-679775.0,-35804.0
2014-02-01,79.77999877929688,1.3707455396652222,102.11000061035156,61.27534484863281,30.23348617553711,2.319000005722046,2.2108700275421143,62.02000045776367,1859.449951171875,14.0,1321.4000244140625,102.58999633789062,0.07,2.66,0.0,-371.64,5948.3,-679775.0,-38455.0
2014-03-01,80.0999984741211,1.3752131462097168,102.88899993896484,62.00640869140625,31.4051513671875,2.2560999393463135,2.1757800579071045,59.84000015258789,1872.3399658203125,13.880000114440918,1283.4000244140625,101.58000183105467,0.08,2.73,0.0,-371.64,5948.3,-679775.0,-39876.0
2014-04-01,79.48999786376953,1.3813681602478027,102.56400299072266,62.668190002441406,31.650205612182617,2.2332000732421875,2.121000051498413,60.417999267578125,1883.949951171875,13.40999984741211,1295.5999755859375,99.73999786376952,0.09,2.67,0.0,-345.269,6018.7,-679775.0,-42370.0
2014-05-01,80.37000274658203,1.3634566068649292,101.83299255371094,64.84858703613281,32.58447265625,2.223599910736084,2.0989880561828613,58.900001525878906,1923.5699462890625,11.399999618530272,1245.5999755859375,102.70999908447266,0.09,2.48,0.0,-345.269,6018.7,-679775.0,-38099.0
2014-06-01,79.77999877929688,1.3644425868988037,101.44300079345705,64.88672637939453,33.10520935058594,2.191800117492676,2.12349009513855,60.03799819946289,1960.22998046875,11.56999969482422,1245.5999755859375,102.70999908447266,0.1,2.53,-0.1,-345.269,6018.7,-679775.0,-37413.0
2014-07-01,81.45999908447266,1.3396027088165283,102.83999633789062,64.72785186767578,33.82246780395508,2.2437000274658203,2.1313700675964355,60.25,1930.6700439453125,16.950000762939453,1281.300048828125,98.16999816894533,0.09,2.58,-0.1,-356.02,6069.2,-679775.0,-37650.0
2014-08-01,82.75,1.313456416130066,104.11799621582033,65.54905700683594,34.77956008911133,2.231600046157837,2.1602399349212646,60.51300048828125,2003.3699951171875,12.09000015258789,1285.800048828125,95.95999908447266,0.09,2.35,-0.1,-356.02,6069.2,-679775.0,-35432.0
2014-09-01,85.94000244140625,1.269083857536316,109.38999938964844,64.19720458984375,32.07808303833008,2.44350004196167,2.2794299125671387,61.553001403808594,1972.2900390625,16.309999465942383,1210.5,91.16000366210938,0.09,2.52,-0.2,-356.02,6069.2,-484793.0,-40052.0
2014-10-01,86.87999725341797,1.2613362073898315,109.21299743652344,65.40225219726562,32.533477783203125,2.401599884033203,2.198539972305298,61.43299865722656,2018.050048828125,14.029999732971191,1171.0999755859375,80.54000091552734,0.09,2.35,-0.2,-427.466,6157.7,-484793.0,-38980.0
2014-11-01,88.36000061035156,1.2437965869903564,118.82599639892578,65.12542724609375,32.03178405761719,2.5271999835968018,2.2190499305725098,61.85300064086914,2067.56005859375,13.329999923706056,1175.199951171875,66.1500015258789,0.09,2.18,-0.2,-427.466,6157.7,-484793.0,-38123.0
2014-12-01,90.2699966430664,1.2162047624588013,119.45800018310548,63.0073127746582,30.325992584228516,2.654099941253662,2.32273006439209,63.37799835205078,2058.89990234375,19.200000762939453,1183.9000244140625,53.27000045776367,0.12,2.17,-0.2,-427.466,6157.7,-484793.0,-41369.0
2015-01-01,94.8000030517578,1.128795504570007,117.4499969482422,64.7681655883789,30.5507869720459,2.678800106048584,2.4449000358581543,62.01300048828125,1994.989990234375,20.969999313354492,1278.5,48.2400016784668,0.11,1.68,-0.2,-418.937,6172.6,-484793.0,-37225.0
2015-02-01,95.25,1.119795799255371,119.61722564697266,65.16802215576172,31.897470474243164,2.9049999713897705,2.5106070041656494,61.75400161743164,2104.5,13.34000015258789,1278.5,48.2400016784668,0.11,2.0,-0.2,-418.937,6172.6,-484793.0,-32548.0
2015-03-01,98.36000061035156,1.0830246210098269,120.01300048828124,65.19791412353516,31.41986846923828,3.2260000705718994,2.60260009765625,62.50899887084961,2067.889892578125,15.289999961853027,1278.5,48.2400016784668,0.11,1.94,-0.2,-418.937,6172.6,-484793.0,-47342.0
2015-04-01,94.5999984741211,1.1114321947097778,118.97000122070312,65.98827362060547,33.57298278808594,2.952699899673462,2.656749963760376,63.44200134277344,2085.510009765625,14.550000190734863,1182.4000244140625,59.630001068115234,0.12,2.05,-0.2,-405.373,6161.0,-484793.0,-38486.0
2015-05-01,96.91000366210938,1.0960345268249512,123.81999969482422,65.77257537841797,32.19498825073242,3.158400058746338,2.6553099155426025,63.82500076293945,2107.389892578125,13.84000015258789,1189.4000244140625,60.29999923706055,0.12,2.12,-0.2,-405.373,6161.0,-484793.0,-36971.0
2015-06-01,95.48999786376952,1.122296690940857,122.66999816894533,64.56796264648438,31.020565032958984,3.115000009536743,2.7032999992370605,63.7239990234375,2063.110107421875,18.229999542236328,1171.5,59.470001220703125,0.13,2.35,-0.2,-405.373,6161.0,-484793.0,-40990.0
2015-07-01,97.37000274658205,1.0939244031906128,124.0709991455078,64.65629577636719,29.279449462890625,3.370800018310547,2.7876598834991455,64.11799621582031,2103.840087890625,12.119999885559082,1094.9000244140625,47.119998931884766,0.13,2.2,-0.2,-454.184,6104.0,-484793.0,-38954.0
2015-08-01,95.9499969482422,1.1214030981063845,121.28900146484376,63.92890930175781,26.692258834838867,3.578700065612793,2.9180500507354736,66.14299774169922,1972.1800537109375,28.43000030517578,1131.5999755859375,49.20000076293945,0.14,2.21,-0.2,-454.184,6104.0,-484793.0,-42908.0
2015-09-01,96.3499984741211,1.1255937814712524,119.86000061035156,63.217529296875,25.85614967346191,4.0543999671936035,3.038140058517456,65.91999816894531,1920.030029296875,24.5,1115.5,45.09000015258789,0.14,2.06,-0.2,-454.184,6104.0,-441960.0,-40097.0
2015-10-01,96.9499969482422,1.100897192955017,120.62725830078124,64.74152374267578,27.50469970703125,3.84470009803772,2.9347000122070312,65.44400024414062,2079.360107421875,15.06999969482422,1141.5,46.59000015258789,0.12,2.16,-0.2,-413.806,6144.2,-441960.0,-38808.0
2015-11-01,100.16999816894533,1.05830180644989,122.83000183105467,64.96290588378906,26.81057357788086,3.841399908065796,2.925649881362915,66.9000015258789,2080.409912109375,16.1299991607666,1141.5,46.59000015258789,0.12,2.21,-0.2,-413.806,6144.2,-441960.0,-38611.0
2015-12-01,98.62999725341795,1.093398094177246,120.4499969482422,63.656734466552734,25.390777587890625,3.956700086593628,2.9200899600982666,66.45500183105469,2043.93994140625,18.209999084472656,1060.300048828125,37.040000915527344,0.24,2.27,-0.3,-413.806,6144.2,-441960.0,-39323.0
2016-01-01,99.61000061035156,1.0825908184051514,121.33999633789062,64.26229858398438,24.488725662231445,4.066999912261963,2.9544999599456787,68.09300231933594,1940.239990234375,20.200000762939453,1116.4000244140625,33.619998931884766,0.34,1.94,-0.3,-428.143,6284.4,-441960.0,-38710.0
2016-02-01,98.20999908447266,1.0923947095870972,113.66000366210938,65.13074493408203,24.2884521484375,3.9646999835968018,2.987950086593628,68.7300033569336,1932.22998046875,20.549999237060547,1233.9000244140625,33.75,0.38,1.74,-0.3,-428.143,6284.4,-441960.0,-42010.0
2016-03-01,94.58999633789062,1.1334655284881592,112.36599731445312,67.27964782714844,27.436662673950195,3.596100091934204,2.833009958267212,66.36799621582031,2059.739990234375,13.949999809265137,1234.199951171875,38.34000015258789,0.36,1.78,-0.4,-428.143,6284.4,-441960.0,-35478.0
2016-04-01,93.08000183105467,1.1448328495025637,106.3499984741211,68.33976745605469,27.548810958862305,3.432800054550171,2.7934999465942383,66.41799926757812,2065.300048828125,15.699999809265137,1289.199951171875,45.91999816894531,0.37,1.83,-0.4,-397.207,6279.1,-441960.0,-36346.0
2016-05-01,95.88999938964844,1.1148396730422974,110.84100341796876,68.20702362060547,26.53145217895508,3.5673999786376953,2.9532699584960938,67.13300323486328,2096.949951171875,14.1899995803833,1289.199951171875,45.91999816894531,0.37,1.84,-0.4,-397.207,6279.1,-441960.0,-37451.0
2016-06-01,96.13999938964844,1.1128050088882446,102.77799987792967,71.03076934814453,27.5247802734375,3.237600088119507,2.887860059738159,67.41600036621094,2098.860107421875,15.630000114440918,1318.4000244140625,48.33000183105469,0.38,1.49,-0.4,-397.207,6279.1,-441960.0,-40160.0
2016-07-01,95.52999877929688,1.1168068647384644,102.33200073242188,71.96018981933594,29.234668731689453,3.2462000846862793,2.9863901138305664,66.64800262451172,2173.60009765625,11.869999885559082,1349.0,41.599998474121094,0.39,1.46,-0.4,-392.808,6155.9,-441960.0,-38280.0
2016-08-01,96.0199966430664,1.1153244972229004,102.86799621582033,72.93315887451172,29.493030548095703,3.236799955368042,2.9632999897003174,67.12660217285156,2170.949951171875,13.420000076293944,1306.9000244140625,44.70000076293945,0.4,1.58,-0.4,-392.808,6155.9,-441960.0,-38623.0
2016-09-01,95.45999908447266,1.121956706047058,101.1989974975586,73.24274444580078,30.235809326171875,3.259299993515014,2.997080087661743,66.81629943847656,2168.27001953125,13.289999961853027,1313.300048828125,48.2400016784668,0.4,1.6,-0.4,-392.808,6155.9,-584650.0,-35508.0
2016-10-01,98.4499969482422,1.0984665155410769,104.56500244140624,71.9700698852539,29.985519409179688,3.2030999660491943,3.1063098907470703,66.78140258789062,2126.14990234375,17.059999465942383,1271.5,46.86000061035156,0.4,1.84,-0.4,-387.256,6006.3,-584650.0,-37438.0
2016-11-01,101.5,1.0648492574691772,112.47000122070312,68.8890609741211,28.661449432373047,3.4537999629974365,3.40939998626709,68.60800170898438,2198.81005859375,13.329999923706056,1170.800048828125,49.439998626708984,0.41,2.37,-0.4,-387.256,6006.3,-584650.0,-42849.0
2016-12-01,102.38999938964844,1.0520004034042358,116.88999938964844,69.73802947998047,28.265832901000977,3.253200054168701,3.5250000953674316,67.9448013305664,2238.830078125,14.039999961853027,1150.0,53.720001220703125,0.54,2.45,-0.4,-387.256,6006.3,-584650.0,-39741.0
2017-01-01,99.51000213623048,1.0708587169647217,113.6500015258789,71.40702056884766,30.491689682006836,3.125499963760376,3.776190042495727,67.82099914550781,2278.8701171875,11.989999771118164,1150.0,53.720001220703125,0.65,2.45,-0.4,-359.156,6075.3,-584650.0,-41956.0
2017-02-01,101.12000274658205,1.0584250688552856,112.74500274658205,72.31768798828125,31.022491455078125,3.105299949645996,3.6068999767303462,66.69319915771484,2363.639892578125,12.920000076293944,1252.5999755859375,54.0099983215332,0.66,2.36,-0.4,-359.156,6075.3,-584650.0,-38385.0
2017-03-01,100.3499984741211,1.0687072277069092,111.7760009765625,72.6933822631836,32.16571807861328,3.147700071334839,3.654299974441528,64.79000091552734,2362.719970703125,12.369999885559082,1247.300048828125,50.599998474121094,0.79,2.4,-0.4,-359.156,6075.3,-584650.0,-39838.0
2017-04-01,99.0500030517578,1.0907504558563232,111.302001953125,73.9395523071289,32.712833404541016,3.176100015640259,3.5529000759124756,64.25830078125,2384.199951171875,10.81999969482422,1266.0999755859375,49.33000183105469,0.9,2.29,-0.4,-428.217,6151.9,-584650.0,-42831.0
2017-05-01,96.91999816894533,1.117168664932251,110.83899688720705,74.50188446044922,33.64374923706055,3.256200075149536,3.552500009536743,64.61859893798828,2411.800048828125,10.40999984741211,1272.0,48.31999969482422,0.91,2.21,-0.4,-428.217,6151.9,-584650.0,-42426.0
2017-06-01,95.66000366210938,1.144164800643921,112.00900268554688,73.96866607666016,33.79890441894531,3.30270004272461,3.5242300033569336,64.78510284423828,2423.409912109375,11.18000030517578,1240.699951171875,46.040000915527344,1.04,2.31,-0.4,-428.217,6151.9,-584650.0,-41057.0
2017-07-01,92.86000061035156,1.1747292280197144,110.51000213623048,74.83818817138672,35.9326286315918,3.17770004272461,3.5322999954223633,64.12349700927734,2470.300048828125,10.260000228881836,1266.5999755859375,50.16999816894531,1.15,2.3,-0.4,-349.685,6301.9,-584650.0,-41672.0
2017-08-01,92.66999816894533,1.1893434524536133,110.45999908447266,76.3220443725586,36.77760696411133,3.158799886703491,3.4551000595092773,63.976200103759766,2471.64990234375,10.59000015258789,1316.199951171875,47.22999954223633,1.16,2.12,-0.4,-349.685,6301.9,-584650.0,-39763.0
2017-09-01,93.08000183105467,1.1741636991500854,112.99434661865234,76.18539428710938,36.76121520996094,3.1809000968933105,3.558310031890869,65.36000061035156,2519.360107421875,9.510000228881836,1281.5,51.66999816894531,1.15,2.33,-0.4,-349.685,6301.9,-665450.0,-39962.0
2017-10-01,94.5500030517578,1.1652703285217283,112.99600219726562,76.36829376220703,37.967159271240234,3.2873001098632812,3.777250051498413,64.84239959716797,2575.260009765625,10.18000030517578,1281.5,51.66999816894531,1.15,2.38,-0.4,-374.924,6211.3,-665450.0,-41268.0
2017-11-01,93.01000213623048,1.18519926071167,112.0019989013672,76.16473388671875,37.81949615478515,3.244800090789795,3.956049919128418,64.41480255126953,2647.580078125,11.279999732971191,1273.199951171875,57.400001525878906,1.16,2.42,-0.4,-374.924,6211.3,-665450.0,-43876.0
2017-12-01,92.12000274658205,1.200004816055298,112.68000030517578,76.86125183105469,38.65629196166992,3.311000108718872,3.794800043106079,63.84080123901367,2673.610107421875,11.039999961853027,1306.300048828125,60.41999816894531,1.3,2.4,-0.4,-374.924,6211.3,-665450.0,-44808.0
2018-01-01,89.12999725341797,1.2409565448760986,108.73200225830078,76.91598510742188,42.49839401245117,3.179500102996826,3.7757198810577393,63.769901275634766,2823.81005859375,13.539999961853027,1339.0,64.7300033569336,1.41,2.72,-0.4,-391.861,6223.4,-665450.0,-45553.0
2018-02-01,90.61000061035156,1.2230321168899536,107.4260025024414,75.03570556640625,39.99163055419922,3.248500108718872,3.815200090408325,64.91000366210938,2713.830078125,19.850000381469727,1315.5,61.63999938964844,1.42,2.87,-0.4,-391.861,6223.4,-665450.0,-47062.0
2018-03-01,89.97000122070312,1.2331976890563965,106.2699966430664,75.42510986328125,40.208160400390625,3.3036000728607178,3.954200029373169,65.0698013305664,2640.8701171875,19.969999313354492,1322.800048828125,64.94000244140625,1.51,2.74,-0.4,-391.861,6223.4,-665450.0,-41941.0
2018-04-01,91.83999633789062,1.2122827768325806,109.0979995727539,73.8565444946289,39.075538635253906,3.4581000804901123,4.051660060882568,66.61000061035156,2648.050048828125,15.93000030517578,1322.800048828125,64.94000244140625,1.69,2.95,-0.4,-376.66,6225.0,-665450.0,-44681.0
2018-05-01,93.98999786376952,1.1667250394821167,108.71199798583984,73.22756958007812,38.05118560791016,3.722100019454956,4.468599796295166,67.43000030517578,2705.27001953125,15.43000030517578,1300.0999755859375,67.04000091552734,1.7,2.83,-0.4,-376.66,6225.0,-665450.0,-39891.0
2018-06-01,94.62999725341795,1.1704941987991333,110.48600006103516,72.10393524169922,36.08574676513672,3.859499931335449,4.5904998779296875,68.79669952392578,2718.3701171875,16.09000015258789,1251.300048828125,74.1500015258789,1.82,2.85,-0.4,-376.66,6225.0,-665450.0,-43010.0
2018-07-01,94.48999786376952,1.170740842819214,110.99400329589844,73.95755767822266,37.60402297973633,3.728100061416626,4.882780075073242,68.68499755859375,2816.2900390625,12.829999923706056,1251.300048828125,74.1500015258789,1.91,2.96,-0.4,-484.545,6225.9,-665450.0,-47972.0
2018-08-01,95.13999938964844,1.1664663553237915,110.9990005493164,72.25206756591797,36.187374114990234,4.148600101470947,6.734099864959717,71.40499877929688,2901.52001953125,12.859999656677246,1200.300048828125,69.80000305175781,1.91,2.86,-0.4,-484.545,6225.9,-665450.0,-47815.0
2018-09-01,95.19000244140624,1.162304162979126,113.68299865722656,73.714599609375,35.97780990600586,4.047999858856201,6.056099891662598,72.51000213623047,2913.97998046875,12.119999885559082,1191.5,73.25,1.95,3.05,-0.4,-484.545,6225.9,-779074.0,-48529.0
2018-10-01,97.12999725341795,1.1346358060836792,113.052001953125,71.85611724853516,32.82597732543945,3.694600105285645,5.480899810791016,73.6500015258789,2711.739990234375,21.229999542236328,1212.300048828125,65.30999755859375,2.19,3.15,-0.4,-511.567,6270.1,-779074.0,-50381.0
2018-11-01,97.2699966430664,1.1392766237258911,113.41100311279295,71.48855590820312,34.435420989990234,3.8510000705718994,5.170199871063232,69.91999816894531,2760.169921875,18.06999969482422,1220.199951171875,50.93000030517578,2.2,3.01,-0.4,-511.567,6270.1,-779074.0,-47249.0
2018-12-01,96.16999816894533,1.1439945697784424,110.33000183105467,71.95718383789062,32.742156982421875,3.8742001056671143,5.274280071258545,69.92250061035156,2506.85009765625,25.420000076293945,1278.300048828125,45.40999984741211,2.27,2.69,-0.4,-511.567,6270.1,-779074.0,-53134.0
2019-01-01,95.58000183105467,1.1487650871276855,108.9810028076172,76.6743392944336,36.67142105102539,3.6814000606536865,5.227409839630127,71.12000274658203,2704.10009765625,16.56999969482422,1319.699951171875,53.790000915527344,2.4,2.63,-0.4,-463.237,6474.0,-779074.0,-46532.0
2019-02-01,96.16000366210938,1.1380189657211304,110.86199951171876,76.66726684570312,36.109859466552734,3.727299928665161,5.309370040893555,71.19000244140625,2784.489990234375,14.779999732971191,1312.800048828125,57.220001220703125,2.4,2.73,-0.4,-463.237,6474.0,-779074.0,-45455.0
2019-03-01,97.27999877929688,1.1233052015304563,110.87000274658205,77.82119750976562,36.51826477050781,3.921600103378296,5.583199977874756,69.43000030517578,2834.39990234375,13.710000038146973,1293.0,60.13999938964844,2.41,2.41,-0.4,-463.237,6474.0,-779074.0,-46137.0
2019-04-01,97.4800033569336,1.1185182332992554,111.677001953125,77.95458984375,37.377628326416016,3.944299936294556,5.94890022277832,69.81179809570312,2945.830078125,13.119999885559082,1282.800048828125,63.90999984741211,2.42,2.51,-0.4,-477.302,6625.9,-779074.0,-47873.0
2019-05-01,97.75,1.1131147146224976,109.35700225830078,78.34163665771484,34.637908935546875,3.9800000190734863,5.912499904632568,69.9800033569336,2752.06005859375,18.709999084472656,1305.800048828125,53.5,2.39,2.14,-0.4,-477.302,6625.9,-779074.0,-49280.0
2019-06-01,96.12999725341795,1.1390948295593262,107.74700164794922,81.09716796875,36.509769439697266,3.815999984741211,5.7718000411987305,69.32499694824219,2941.760009765625,15.079999923706056,1409.699951171875,58.470001220703125,2.38,2.0,-0.4,-477.302,6625.9,-779074.0,-46816.0
2019-07-01,98.5199966430664,1.1157974004745483,108.56199645996094,81.71766662597656,35.8107795715332,3.789299964904785,5.557700157165527,69.07749938964844,2980.3798828125,16.1200008392334,1426.0999755859375,58.58000183105469,2.4,2.02,-0.4,-446.485,6923.5,-779074.0,-46397.0
2019-08-01,98.91999816894533,1.1012003421783447,106.43800354003906,83.00183868408203,34.45619201660156,4.168099880218506,5.832699775695801,71.6801986694336,2926.4599609375,18.979999542236328,1519.0999755859375,55.099998474121094,2.13,1.5,-0.4,-446.485,6923.5,-779074.0,-46610.0
2019-09-01,99.37999725341795,1.0942714214324951,107.94400024414062,82.09857940673828,35.03917694091797,4.157100200653076,5.667699813842773,70.49870300292969,2976.739990234375,16.239999771118164,1519.0999755859375,55.099998474121094,2.04,1.68,-0.5,-446.485,6923.5,-983588.0,-42306.0
2019-10-01,97.3499984741211,1.1154489517211914,108.78900146484376,82.57611846923828,36.50521469116211,3.9862000942230225,5.701000213623047,70.98999786376953,3037.56005859375,13.220000267028809,1511.4000244140625,54.18000030517578,1.83,1.69,-0.5,-402.02,6844.2,-983588.0,-39424.0
2019-11-01,98.2699966430664,1.1019999980926514,109.44499969482422,81.7889633178711,36.47092056274414,4.235199928283691,5.744500160217285,71.72200012207031,3140.97998046875,12.619999885559082,1465.5999755859375,55.16999816894531,1.55,1.78,-0.5,-402.02,6844.2,-983588.0,-36895.0
2019-12-01,96.38999938964844,1.120229721069336,108.8730010986328,83.86785125732422,38.468505859375,4.015710830688477,5.9472198486328125,71.31099700927734,3230.780029296875,13.779999732971191,1465.5999755859375,55.16999816894531,1.55,1.92,-0.5,-402.02,6844.2,-983588.0,-41681.0
2020-01-01,97.38999938964844,1.1029127836227417,108.8769989013672,85.54706573486328,36.87343978881836,4.242199897766113,5.97415018081665,71.63999938964844,3225.52001953125,18.84000015258789,1582.9000244140625,51.560001373291016,1.55,1.51,-0.5,-379.273,6949.5,-983588.0,-41443.0
2020-02-01,98.12999725341795,1.1030004024505615,108.13600158691406,84.1751480102539,35.481163024902344,4.470508098602295,6.206769943237305,72.1500015258789,2954.219970703125,40.11000061035156,1564.0999755859375,44.7599983215332,1.58,1.13,-0.5,-379.273,6949.5,-983588.0,-37485.0
2020-03-01,99.0500030517578,1.1030466556549072,108.03500366210938,71.56494140625,29.88578987121582,5.192699909210205,6.565040111541748,75.4000015258789,2584.590087890625,53.540000915527344,1564.0999755859375,44.7599983215332,0.65,0.7,-0.5,-379.273,6949.5,-983588.0,-41407.0
2020-04-01,99.0199966430664,1.087725043296814,106.61000061035156,74.66543579101562,32.08366394042969,5.334799766540527,6.951000213623047,75.25849914550781,2912.429931640625,34.150001525878906,1684.199951171875,18.84000015258789,0.05,0.64,-0.5,-509.309,7046.6,-983588.0,-51703.0
2020-05-01,98.33999633789062,1.1110000610351562,107.76000213623048,79.38462829589844,33.038108825683594,5.332300186157227,6.811049938201904,75.51319885253906,3044.31005859375,27.510000228881836,1736.9000244140625,35.4900016784668,0.05,0.65,-0.5,-509.309,7046.6,-983588.0,-53786.0
2020-06-01,97.38999938964844,1.1247202157974243,107.58999633789062,81.79705810546875,35.01707458496094,5.402100086212158,6.8495001792907715,75.69999694824219,3100.2900390625,30.43000030517578,1793.0,39.27000045776367,0.08,0.66,-0.5,-509.309,7046.6,-983588.0,-48906.0
2020-07-01,93.48999786376952,1.1872254610061646,104.68299865722656,84.96448516845703,38.126651763916016,5.153900146484375,6.969399929046631,74.98999786376953,3271.1201171875,24.459999084472656,1962.800048828125,40.27000045776367,0.09,0.55,-0.5,-648.043,7071.0,-983588.0,-58601.0
2020-08-01,92.13999938964844,1.1918240785598757,105.53500366210938,85.59123229980469,39.22755813598633,5.389999866485596,7.324900150299072,73.12830352783203,3500.31005859375,26.40999984741211,1967.5999755859375,42.61000061035156,0.1,0.72,-0.5,-648.043,7071.0,-983588.0,-61457.0
2020-09-01,93.88999938964844,1.1742050647735596,105.66400146484376,83.80717468261719,38.83123016357422,5.630499839782715,7.8113298416137695,73.84500122070312,3363.0,26.3700008392334,1887.5,40.220001220703125,0.09,0.69,-0.5,-648.043,7071.0,-3095653.0,-56525.0
2020-10-01,94.04000091552734,1.1676785945892334,104.5540008544922,83.39417266845703,39.37728118896485,5.7778000831604,8.297940254211426,74.26399993896484,3269.9599609375,38.02000045776367,1877.4000244140625,35.790000915527344,0.09,0.88,-0.5,-721.855,7070.8,-3095653.0,-60580.0
2020-11-01,91.87000274658205,1.1971460580825806,104.08200073242188,86.88729095458984,42.91780090332031,5.34250020980835,7.817319869995117,73.94090270996094,3621.6298828125,20.56999969482422,1877.4000244140625,35.790000915527344,0.09,0.84,-0.5,-721.855,7070.8,-3095653.0,-63771.0
2020-12-01,89.94000244140625,1.2299896478652954,103.12100219726562,88.4681167602539,45.50713348388672,5.190838813781738,7.373730182647705,73.13400268554688,3756.070068359375,22.75,1893.0999755859375,48.52000045776367,0.09,0.93,-0.5,-721.855,7070.8,-3095653.0,-61388.0
2021-01-01,90.58000183105467,1.213900089263916,104.68000030517578,87.49757385253906,47.43693161010742,5.4608001708984375,7.307700157165527,72.90660095214844,3714.239990234375,33.09000015258789,1847.300048828125,52.20000076293945,0.09,1.11,-0.5,-773.733,7028.4,-3095653.0,-61417.0
2021-02-01,90.93000030517578,1.2073606252670288,106.52999877929688,84.561767578125,47.810665130615234,5.597599983215332,7.323100090026856,73.59590148925781,3811.14990234375,27.950000762939453,1728.0999755859375,61.5,0.08,1.44,-0.5,-773.733,7028.4,-3095653.0,-64065.0
2021-03-01,93.2300033569336,1.1723604202270508,110.30500030517578,83.94486236572266,47.46363067626953,5.771599769592285,8.324700355529785,73.44529724121094,3972.889892578125,19.399999618530273,1713.800048828125,59.15999984741211,0.07,1.74,-0.5,-773.733,7028.4,-3095653.0,-64295.0
2021-04-01,91.27999877929688,1.2127091884613037,108.90399932861328,85.96150207519531,48.03311920166016,5.336400032043457,8.184880256652832,74.10579681396484,4181.169921875,18.61000061035156,1767.300048828125,63.58000183105469,0.07,1.65,-0.5,-854.084,7497.2,-3095653.0,-63753.0
2021-05-01,89.83999633789062,1.2190067768096924,109.90699768066406,86.79579162597656,48.82506561279297,5.23799991607666,8.573399543762207,72.39350128173828,4204.10986328125,16.760000228881836,1902.5,66.31999969482422,0.06,1.58,-0.5,-854.084,7497.2,-3095653.0,-64836.0
2021-06-01,92.44000244140624,1.1901928186416626,110.53500366210938,87.5354995727539,49.07422637939453,4.955100059509277,8.72599983215332,74.28759765625,4297.5,15.829999923706056,1770.800048828125,73.47000122070312,0.08,1.45,-0.5,-854.084,7497.2,-3095653.0,-70080.0
2021-07-01,92.16999816894533,1.1867802143096924,109.66999816894533,88.0273666381836,46.116363525390625,5.202600002288818,8.45226001739502,74.25199890136719,4395.259765625,18.239999771118164,1812.5999755859375,73.94999694824219,0.1,1.24,-0.5,-934.369,7570.0,-3095653.0,-67436.0
2021-08-01,92.62999725341795,1.1796904802322388,109.94400024414062,88.8231201171875,46.84028625488281,5.1828999519348145,8.367300033569336,73.41120147705078,4522.68017578125,16.479999542236328,1812.5999755859375,73.94999694824219,0.09,1.3,-0.5,-934.369,7570.0,-3095653.0,-72423.0
2021-09-01,94.25,1.1601601839065552,111.93599700927734,86.48308563232422,45.02602005004883,5.414299964904785,8.916139602661133,74.3219985961914,4307.5400390625,23.13999938964844,1755.300048828125,75.02999877929688,0.08,1.52,-0.5,-934.369,7570.0,-2773594.0,-74421.0
2021-10-01,94.12000274658205,1.156136155128479,113.83499908447266,86.61534881591797,45.50863265991211,5.633699893951416,9.52511978149414,74.79720306396484,4605.3798828125,16.260000228881836,1783.0,83.56999969482422,0.08,1.55,-0.5,-914.795,7747.7,-2773594.0,-66049.0
2021-11-01,95.98999786376952,1.1293437480926514,113.8040008544922,84.97425079345703,43.649681091308594,5.6006999015808105,12.699000358581545,75.05490112304688,4567.0,27.190000534057617,1773.5999755859375,66.18000030517578,0.08,1.43,-0.5,-914.795,7747.7,-2773594.0,-80441.0
2021-12-01,95.66999816894533,1.132502794265747,115.06300354003906,86.51326751708984,43.65861129760742,5.570199966430664,13.290499687194824,74.43119812011719,4766.18017578125,17.219999313354492,1827.5,75.20999908447266,0.08,1.52,-0.5,-914.795,7747.7,-2773594.0,-77887.0
2022-01-01,96.54000091552734,1.1152374744415283,115.26200103759766,84.15699768066406,44.29844284057617,5.362599849700928,13.482049942016602,75.03900146484375,4515.5498046875,24.829999923706055,1795.0,88.1500015258789,0.08,1.79,-0.5,-1101.415,7613.6,-2773594.0,-82255.0
2022-02-01,96.70999908447266,1.118105411529541,115.58499908447266,79.22158813476562,42.38465118408203,5.15939998626709,14.02884006500244,75.06800079345703,4373.93994140625,30.149999618530273,1899.4000244140625,95.72000122070312,0.08,1.83,-0.5,-1101.415,7613.6,-2773594.0,-82123.0
2022-03-01,98.30999755859376,1.116183519363403,122.02100372314452,78.34895324707031,40.95157241821289,4.769700050354004,14.651009559631348,75.82779693603516,4530.41015625,20.559999465942383,1949.199951171875,100.27999877929688,0.2,2.32,-0.5,-1101.415,7613.6,-2773594.0,-95536.0
2022-04-01,102.95999908447266,1.0546298027038574,129.6820068359375,73.09735870361328,38.43914794921875,4.970300197601318,14.78888988494873,76.58899688720703,4131.93017578125,33.400001525878906,1909.300048828125,104.69000244140624,0.33,2.89,-0.5,-1031.357,7430.8,-2773594.0,-80405.0
2022-05-01,101.75,1.0773539543151855,127.78399658203124,73.68363189697266,38.67496871948242,4.752399921417236,16.383499145507812,77.5208969116211,4132.14990234375,26.190000534057617,1909.300048828125,104.69000244140624,0.77,2.85,-0.5,-1031.357,7430.8,-2773594.0,-79828.0
2022-06-01,104.69000244140624,1.04465913772583,136.58900451660156,69.17225646972656,36.37115859985352,5.1809000968933105,16.62820053100586,78.89830017089844,3785.3798828125,28.709999084472656,1804.0999755859375,105.76000213623048,1.21,2.98,-0.5,-1031.357,7430.8,-2773594.0,-77509.0
2022-07-01,105.9000015258789,1.022704005241394,133.22999572753906,71.62421417236328,36.55218505859375,5.17080020904541,17.945199966430664,79.57150268554688,4130.2900390625,21.329999923706055,1762.9000244140625,98.62000274658205,1.68,2.67,0.0,-938.398,7302.6,-2773594.0,-65835.0
2022-08-01,108.6999969482422,1.0025062561035156,138.73399353027344,69.70582580566406,36.0673828125,5.1219000816345215,18.15026092529297,79.68229675292969,3955.0,25.8700008392334,1712.800048828125,89.55000305175781,2.33,3.15,0.0,-938.398,7302.6,-2773594.0,-66507.0
2022-09-01,112.12000274658205,0.9829555749893188,144.43099975585938,65.1404800415039,31.905405044555664,5.396200180053711,18.497499465942383,81.48059844970703,3585.6201171875,31.6200008392334,1662.4000244140625,79.48999786376953,2.56,3.83,0.75,-938.398,7302.6,-1374171.0,-66908.0
2022-10-01,111.52999877929688,0.9955002665519714,147.81199645996094,64.9678955078125,31.27425193786621,5.28849983215332,18.572969436645508,82.23919677734375,3871.97998046875,25.8799991607666,1635.9000244140625,86.52999877929688,3.08,4.1,0.75,-933.614,7318.7,-1374171.0,-74997.0
2022-11-01,105.9499969482422,1.0324499607086182,138.7449951171875,71.50237274169922,36.14970779418945,5.268199920654297,18.63990020751953,81.63089752197266,4080.110107421875,20.579999923706055,1746.0,80.55000305175781,3.78,3.68,1.5,-933.614,7318.7,-1374171.0,-62608.0
2022-12-01,103.5199966430664,1.072846293449402,131.11000061035156,70.32062530517578,34.66786575317383,5.282899856567383,18.68079948425293,82.739501953125,3839.5,21.670000076293945,1819.699951171875,80.26000213623047,4.1,3.88,2.0,-933.614,7318.7,-1374171.0,-68374.0
2023-01-01,102.0999984741211,1.0850694179534912,130.47900390625,73.65580749511719,38.409423828125,5.1149001121521,18.808000564575195,81.57990264892578,4076.60009765625,19.399999618530273,1819.699951171875,80.26000213623047,4.33,3.52,2.0,-917.492,7468.6,-1374171.0,-66207.0
2023-02-01,104.87000274658205,1.0611205101013184,136.31700134277344,71.4187240600586,35.502716064453125,5.199699878692627,18.884199142456055,82.6520004272461,3970.14990234375,20.700000762939453,1828.9000244140625,77.05000305175781,4.57,3.92,2.5,-917.492,7468.6,-1374171.0,-65938.0
2023-03-01,102.51000213623048,1.0904649496078491,133.2010040283203,72.5475845336914,36.64496994018555,5.092700004577637,19.17569923400879,82.10050201416016,4109.31005859375,18.700000762939453,1969.0,75.66999816894531,4.65,3.48,3.0,-917.492,7468.6,-1374171.0,-54120.0
2023-04-01,101.66999816894533,1.1128422021865845,136.32000732421875,72.76177978515625,36.3385124206543,4.985199928283691,19.444400787353516,81.74539947509766,4169.47998046875,15.779999732971191,1990.0999755859375,76.77999877929688,4.83,3.44,3.0,-926.664,7563.2,-1374171.0,-69008.0
2023-05-01,104.31999969482422,1.073306918144226,139.79200744628906,71.90637969970703,35.46556854248047,5.034800052642822,20.611600875854492,82.68389892578125,4179.830078125,17.940000534057617,1963.9000244140625,68.08999633789062,5.06,3.64,3.25,-926.664,7563.2,-1374171.0,-62987.0
2023-06-01,102.91000366210938,1.086802959442139,144.77999877929688,73.69856262207031,36.73783493041992,4.855599880218506,26.03860092163086,82.07540130615234,4450.3798828125,13.59000015258789,1921.0999755859375,70.63999938964844,5.08,3.81,3.5,-926.664,7563.2,-1374171.0,-62398.0
2023-07-01,101.86000061035156,1.1024264097213743,140.75799560546875,74.98160552978516,39.26253890991211,4.723299980163574,26.84040069580078,82.25279998779297,4588.9599609375,13.630000114440918,1970.5,81.80000305175781,5.12,3.97,3.5,-916.758,7509.1,-1374171.0,-62054.0
2023-08-01,103.62000274658205,1.0932546854019165,146.0989990234375,73.5997314453125,36.6606330871582,4.888400077819824,26.681299209594727,82.70040130615234,4507.66015625,13.56999969482422,1938.199951171875,83.62999725341797,5.33,4.09,3.75,-916.758,7509.1,-1374171.0,-58080.0
2023-09-01,106.16999816894533,1.0587612390518188,149.3699951171875,71.13446807861328,35.5187873840332,5.031400203704834,27.458900451660156,83.19300079345703,4288.0498046875,17.520000457763672,1848.0999755859375,90.79000091552734,5.33,4.59,4.0,-916.758,7509.1,-1687467.0,-59097.0
2023-10-01,106.66000366210938,1.061503529548645,149.11099243164062,70.28237915039062,34.34886932373047,5.04610013961792,28.257369995117188,83.29650115966797,4193.7998046875,18.13999938964844,1848.0999755859375,90.79000091552734,5.33,4.88,4.0,-990.439,7940.8,-1687467.0,-64158.0
2023-11-01,103.5,1.0973695516586304,147.03900146484375,74.6529541015625,37.02565383911133,4.904099941253662,28.940919876098633,83.3302993774414,4567.7998046875,12.920000076293944,2038.0999755859375,75.95999908447266,5.33,4.37,4.0,-990.439,7940.8,-1687467.0,-64263.0
2023-12-01,101.33000183105467,1.1055831909179688,141.02000427246094,77.77301025390625,37.634010314941406,4.838949203491211,29.519800186157227,82.302001953125,4769.830078125,12.449999809265137,2062.39990234375,71.6500015258789,5.33,3.88,4.0,-990.439,7940.8,-1687467.0,-61283.0
2024-01-01,103.2699966430664,1.08433997631073,147.36900329589844,77.447265625,36.61011505126953,4.950300216674805,30.358400344848633,83.10970306396484,4845.64990234375,14.350000381469728,2048.39990234375,75.8499984741211,5.33,3.99,4.0,-1065.578,8107.9,-1687467.0,-63925.0
2024-02-01,104.16000366210938,1.0838816165924072,150.656005859375,77.72896575927734,38.13593673706055,4.967299938201904,31.208839416503903,82.91190338134766,5096.27001953125,13.399999618530272,2045.699951171875,78.26000213623047,5.33,4.25,4.0,-1065.578,8107.9,-1687467.0,-63253.0
2024-03-01,104.5500030517578,1.0801469087600708,151.33999633789062,79.2656021118164,39.17539978027344,5.013199806213379,32.362998962402344,83.39299774169922,5254.35009765625,13.010000228881836,2217.39990234375,83.16999816894531,5.33,4.2,4.0,-1065.578,8107.9,-1687467.0,-61925.0
2024-04-01,106.22000122070312,1.0715701580047607,156.31399536132812,77.37625122070312,39.089569091796875,5.117000102996826,32.36991882324219,83.45110321044922,5035.68994140625,15.649999618530272,2291.39990234375,81.93000030517578,5.33,4.69,4.0,-1152.789,8299.3,-1687467.0,-70870.0
2024-05-01,104.66999816894533,1.0835410356521606,156.9530029296875,79.38719177246094,39.852481842041016,5.202099800109863,32.24380111694336,83.3208999633789,5277.509765625,12.920000076293944,2322.89990234375,76.98999786376953,5.33,4.51,4.0,-1152.789,8299.3,-1687467.0,-70299.0
2024-06-01,105.87000274658205,1.0721560716629028,160.8800048828125,79.2071533203125,40.61539077758789,5.592100143432617,32.733299255371094,83.45089721679688,5460.47998046875,12.4399995803833,2327.699951171875,81.54000091552734,5.33,4.36,3.75,-1152.789,8299.3,-1687467.0,-71344.0
2024-07-01,104.0999984741211,1.081607222557068,152.6699981689453,81.3021240234375,41.24150848388672,5.611100196838379,33.0984992980957,83.73899841308594,5522.2998046875,16.360000610351562,2426.5,77.91000366210938,5.33,4.09,3.75,-1318.433,8766.3,-1687467.0,-77000.0
2024-08-01,101.6999969482422,1.1061947345733645,146.14999389648438,83.14321899414062,41.644798278808594,5.608799934387207,34.07733917236328,83.89510345458984,5648.39990234375,15.0,2493.800048828125,73.55000305175781,5.33,3.91,3.75,-1318.433,8766.3,-1687467.0,-71161.0
2024-09-01,100.77999877929688,1.1169815063476562,142.7830047607422,84.8460922241211,44.03575134277344,5.433199882507324,34.1490592956543,83.71640014648438,5762.47998046875,16.729999542236328,2493.800048828125,73.55000305175781,5.13,3.81,3.5,-1318.433,8766.3,-1815377.0,-83301.0
2024-10-01,103.9800033569336,1.085917830467224,153.20399475097656,82.76502227783203,42.68184280395508,5.76230001449585,34.283199310302734,84.08910369873047,5705.4501953125,23.15999984741211,2738.300048828125,69.26000213623047,4.83,4.28,3.25,-1182.609,8528.0,-1815377.0,-75788.0
2024-11-01,105.73999786376952,1.0580891370773315,149.74600219726562,84.23126220703125,41.5391731262207,5.973199844360352,34.67789840698242,84.56189727783203,6032.3798828125,13.510000228881836,2657.0,68.0,4.64,4.18,3.25,-1182.609,8528.0,-1815377.0,-79756.0
2024-12-01,108.48999786376952,1.040615200996399,156.9949951171875,81.76805877685547,40.15645980834961,6.1778998374938965,35.30524826049805,85.7865982055664,5881.6298828125,17.350000381469727,2657.0,68.0,4.48,4.58,3.0,-1182.609,8528.0,-1815377.0,-96849.0
2025-01-01,108.37000274658205,1.0397279262542725,154.0970001220703,84.1416015625,41.71317672729492,5.874499797821045,35.853031158447266,86.64700317382812,6040.52978515625,16.43000030517578,2812.5,72.52999877929688,4.33,4.58,3.0,-1502.616,9049.5,-1815377.0,-124704.0
2025-02-01,107.61000061035156,1.039511799812317,150.01199340820312,85.51685333251953,42.191627502441406,5.839000225067139,36.517799377441406,87.3270034790039,5954.5,19.6299991607666,2836.800048828125,69.76000213623047,4.33,4.24,2.75,-1502.616,9049.5,-1815377.0,-117069.0
2025-03-01,104.20999908447266,1.082391619682312,149.61700439453125,84.59074401855469,42.67008209228515,5.7581000328063965,37.975101470947266,85.53880310058594,5611.85009765625,22.280000686645508,3122.800048828125,71.4800033569336,4.33,4.23,2.5,-1502.616,9049.5,-1815377.0,-132983.0
2025-04-01,99.47000122070312,1.1389262676239014,142.2989959716797,84.35627746582031,42.728668212890625,5.619999885559082,38.4994010925293,85.1707992553711,5569.06005859375,24.700000762939453,3305.0,58.209999084472656,4.33,4.17,2.25,-1167.159,9126.8,-1815377.0,-60341.0
2025-05-01,99.33000183105467,1.1350737810134888,144.0399932861328,85.33320617675781,44.44718933105469,5.66510009765625,39.20848846435547,85.5156021118164,5911.68994140625,18.56999969482422,3288.89990234375,60.790000915527344,4.33,4.41,2.25,-1167.159,9126.8,-1815377.0,-66748.0
2025-06-01,96.87999725341795,1.1727453470230105,144.51699829101562,87.62735748291016,47.10308837890625,5.478400230407715,39.89059829711914,85.4552993774414,6204.9501953125,16.729999542236328,3288.89990234375,60.790000915527344,4.33,4.24,2.0,-1167.159,9126.8,-1815377.0,-58697.0
2025-07-01,100.02999877929688,1.1429355144500732,149.2259979248047,88.2583999633789,47.874881744384766,5.575399875640869,40.58700180053711,87.714599609375,6339.39013671875,16.719999313354492,3293.199951171875,69.26000213623047,4.33,4.37,2.0,-979.092,9248.4,-1815377.0,-75062.0
2025-08-01,97.7699966430664,1.1686338186264038,147.02000427246094,89.81483459472656,49.15653991699219,5.4274001121521,41.097999572753906,88.16699981689453,6460.259765625,15.359999656677246,3473.699951171875,64.01000213623047,4.33,4.23,2.0,-979.092,9248.4,-1815377.0,-59642.0
2025-09-01,97.7699966430664,1.1731443405151367,148.59500122070312,91.23966979980467,52.6465950012207,5.321700096130371,41.57659912109375,88.70449829101562,6688.4599609375,16.280000686645508,3840.800048828125,62.369998931884766,4.22,4.16,2.0,-979.092,9248.4,-1774684.0,-59392.0
2025-10-01,99.8000030517578,1.157246708869934,153.89999389648438,93.05569458007812,54.5197868347168,5.381999969482422,42.026798248291016,88.6344985961914,6840.2001953125,17.440000534057617,3982.199951171875,60.97999954223633,4.09,4.11,2.0,-890.031,9248.4,-1774684.0,-37376.0
2025-11-01,99.45999908447266,1.15968918800354,156.14999389648438,93.49948120117188,53.55361557006836,5.355400085449219,42.49300003051758,89.34369659423828,6849.08984375,16.350000381469727,4218.2998046875,58.54999923706055,3.88,4.02,2.0,-890.031,9248.4,-1774684.0,-63868.0
2025-12-01,98.27999877929688,1.1747292280197144,156.41299438476562,93.46865844726562,53.9381103515625,5.476200103759766,42.95198059082031,89.76940155029297,6845.5,14.949999809265137,4325.60009765625,57.41999816894531,3.72,4.18,2.0,-890.031,9248.4,-1774684.0,-76078.0
2026-01-01,96.98999786376952,1.1855363845825195,154.74000549316406,94.49614715576172,59.099998474121094,5.189199924468994,43.455101013183594,91.68229675292967,6939.02978515625,17.440000534057617,4713.89990234375,65.20999908447266,3.64,4.26,2.0,-1064.762,9248.4,-1774684.0,-54185.0
2026-02-01,97.61000061035156,1.1803030967712402,155.85899353027344,95.62133026123048,62.58000183105469,5.136600017547607,43.95539855957031,91.00740051269533,6878.8798828125,19.86000061035156,4713.89990234375,65.20999908447266,3.64,3.97,2.0,-1064.762,9248.4,-1774684.0,-54980.0
2026-03-01,99.95999908447266,1.1460003852844238,159.84100341796875,92.2999267578125,56.790000915527344,5.263999938964844,44.473899841308594,94.35590362548828,6528.52001953125,25.25,4713.89990234375,65.20999908447266,3.64,4.3,2.0,-1064.762,9248.4,-1774684.0,-56585.0
2026-04-01,98.08000183105467,1.168470025062561,160.1840057373047,94.52727508544922,63.9900016784668,5.017499923706055,45.16600036621094,94.9166030883789,7209.009765625,16.889999389648438,4614.7001953125,105.06999969482422,3.64,4.4,2.0,-1064.762,9248.4,-1774684.0,-55881.0
2026-05-01,98.91000366210938,1.16604483127594,159.3040008544922,95.61205291748048,68.5999984741211,5.032100200653076,45.85049819946289,95.00299835205078,7580.06005859375,15.31999969482422,4560.5,87.36000061035156,3.63,4.45,2.0,-1064.762,9248.4,-1774684.0,-55881.0
2026-06-01,99.72100067138672,1.1579434871673584,160.21200561523438,96.33000183105467,68.0250015258789,5.0619001388549805,46.24649810791016,95.0999984741211,7428.22021484375,18.1299991607666,4238.60009765625,84.3499984741211,3.63,4.55,2.0,-1064.762,9248.4,-1774684.0,-55881.0
